key,uuid,name,comment,subtype,reference_flow,declared_unit,declared_amount,mass_kg_per_declared_unit,reference_year,valid_until,geography,dataset_version,source_url
cem1_avg,87371640-546c-4d9c-84cc-c13b6be94146,Portland cement CEM I - Hydraulic cement,"Portland cement CEM I, German average (VDZ), 2022",average dataset,Portland cement CEM I - Hydraulic cement,kg,1000.0,1000.0,2022,2027,DE,1.1,https://oekobaudat.de/OEKOBAU.DAT/resource/datastocks/cc64f7e1-14d8-4a57-b11b-2cf03d200c82/processes/87371640-546c-4d9c-84cc-c13b6be94146
cement_avg_D,d368f4bb-ae22-4e33-b9e4-22a7b27966c6,Average cement D - Cement as binder,"Average cement Germany (VDZ), 2022",average dataset,Average cement D - Cement as binder,kg,1000.0,1000.0,2022,2027,DE,1.1,https://oekobaudat.de/OEKOBAU.DAT/resource/datastocks/cc64f7e1-14d8-4a57-b11b-2cf03d200c82/processes/d368f4bb-ae22-4e33-b9e4-22a7b27966c6
aac_avg,e6819670-eb6c-4104-adea-f7f8bb2f49e6,aerated concrete - aerated concrete construction material,"Autoclaved aerated concrete, German industry average",average dataset,aerated concrete - aerated concrete construction material,m3,1.0,428.0,2023,2028,DE,1.1,https://oekobaudat.de/OEKOBAU.DAT/resource/datastocks/cc64f7e1-14d8-4a57-b11b-2cf03d200c82/processes/e6819670-eb6c-4104-adea-f7f8bb2f49e6
ytong_2.5_0.40,880239e9-ed96-404f-9184-bd4e004fd650,Ytong aerated concrete 2.5/0.40 RO - Unreinforced aerated concrete blocks,"Ytong AAC 2.5/0.40 blocks (Xella, RO plant)",specific dataset,Ytong aerated concrete 2.5/0.40 RO - Unreinforced aerated concrete blocks,m3,1.0,383.0,2024,2029,RO,1.1,https://oekobaudat.de/OEKOBAU.DAT/resource/datastocks/cc64f7e1-14d8-4a57-b11b-2cf03d200c82/processes/880239e9-ed96-404f-9184-bd4e004fd650
gypsum_dihydrate_ground,d142da3c-dd3c-4b95-b500-9be21295b1d9,Gypsum stone (CaSO4-Dihydrate),"Gypsum stone CaSO4.2H2O, ground",generic dataset,Gypsum stone (CaSO4-Dihydrate),kg,1.0,1.0,2023,2026,DE,1.1,https://oekobaudat.de/OEKOBAU.DAT/resource/datastocks/cc64f7e1-14d8-4a57-b11b-2cf03d200c82/processes/d142da3c-dd3c-4b95-b500-9be21295b1d9
gypsum_beta_hemihydrate,69a2614b-ef34-4c3c-9221-963676658172,Gypsum (CaSO4 beta hemihydrate),Gypsum beta hemihydrate (calcined),generic dataset,Gypsum (CaSO4 beta hemihydrate),kg,1.0,1.0,2023,2026,DE,1.1,https://oekobaudat.de/OEKOBAU.DAT/resource/datastocks/cc64f7e1-14d8-4a57-b11b-2cf03d200c82/processes/69a2614b-ef34-4c3c-9221-963676658172
electricity_DE_2023,6edc9cb3-c65a-4b12-8eea-89064c9777d8,Electricity grid mix 2023,"Electricity grid mix Germany 2023, low voltage",generic dataset,Electricity grid mix 2023,kWh,1.0,,2023,2026,DE,1.1,https://oekobaudat.de/OEKOBAU.DAT/resource/datastocks/cc64f7e1-14d8-4a57-b11b-2cf03d200c82/processes/6edc9cb3-c65a-4b12-8eea-89064c9777d8
electricity_DE_2022,1f732978-fc49-443a-acf7-76e55a915279,Electricity grid mix 2022,"Electricity grid mix Germany 2022, low voltage",generic dataset,Electricity grid mix 2022,kWh,1.0,,2023,2026,DE,1.1,https://oekobaudat.de/OEKOBAU.DAT/resource/datastocks/cc64f7e1-14d8-4a57-b11b-2cf03d200c82/processes/1f732978-fc49-443a-acf7-76e55a915279
heat_natural_gas,2561c686-875a-44e5-8abe-47ec392d16ff,Thermal energy from natural gas,Thermal energy from natural gas (boiler),generic dataset,Thermal energy from natural gas,kWh,1.0,,2023,2026,DE,1.1,https://oekobaudat.de/OEKOBAU.DAT/resource/datastocks/cc64f7e1-14d8-4a57-b11b-2cf03d200c82/processes/2561c686-875a-44e5-8abe-47ec392d16ff
heat_light_fuel_oil,38b9c0c6-bab8-4258-aab7-ada54f12e878,Thermal energy from light fuel oil,Thermal energy from light fuel oil,generic dataset,Thermal energy from light fuel oil,kWh,1.0,,2023,2026,DE,1.1,https://oekobaudat.de/OEKOBAU.DAT/resource/datastocks/cc64f7e1-14d8-4a57-b11b-2cf03d200c82/processes/38b9c0c6-bab8-4258-aab7-ada54f12e878
truck,bb74d2a2-249a-4245-a1bb-7bde61f2f613,Truck,"Truck (generic lorry), per kg*km",generic dataset,Truck,tkm,1.0,,2023,2026,DE,1.1,https://oekobaudat.de/OEKOBAU.DAT/resource/datastocks/cc64f7e1-14d8-4a57-b11b-2cf03d200c82/processes/bb74d2a2-249a-4245-a1bb-7bde61f2f613
truck_trailer,330f8948-8463-4b63-a14a-3fedcc175180,Truck-trailer,"Truck-trailer (articulated lorry), per kg*km",generic dataset,Truck-trailer,tkm,1.0,,2023,2026,DE,1.1,https://oekobaudat.de/OEKOBAU.DAT/resource/datastocks/cc64f7e1-14d8-4a57-b11b-2cf03d200c82/processes/330f8948-8463-4b63-a14a-3fedcc175180
small_truck,96115e68-18fe-4cdb-a1e4-ef38d0965929,Small truck,"Small truck, per kg*km",generic dataset,Small truck,tkm,1.0,,2023,2026,DE,1.1,https://oekobaudat.de/OEKOBAU.DAT/resource/datastocks/cc64f7e1-14d8-4a57-b11b-2cf03d200c82/processes/96115e68-18fe-4cdb-a1e4-ef38d0965929
landfill_construction_rubble,9c1b485e-c801-42ad-bb59-fe209392fc98,Construction rubble landfill,Construction rubble landfill (C4),generic dataset,Construction rubble landfill,kg,1.0,1.0,2023,2026,DE,1.1,https://oekobaudat.de/OEKOBAU.DAT/resource/datastocks/cc64f7e1-14d8-4a57-b11b-2cf03d200c82/processes/9c1b485e-c801-42ad-bb59-fe209392fc98
landfill_inert,16d08b28-16ca-4918-882f-a3fe11055cb4,Inert matter landfill,Inert matter landfill (C4),generic dataset,Inert matter landfill,kg,1.0,1.0,2023,2026,DE,1.1,https://oekobaudat.de/OEKOBAU.DAT/resource/datastocks/cc64f7e1-14d8-4a57-b11b-2cf03d200c82/processes/16d08b28-16ca-4918-882f-a3fe11055cb4
rubble_processing,a28ca150-de06-4a99-9b8e-6dbb381f69e1,Construction rubble processing,"Construction rubble processing (crushing/sorting, C3)",generic dataset,Construction rubble processing,kg,1.0,1.0,2023,2026,DE,1.1,https://oekobaudat.de/OEKOBAU.DAT/resource/datastocks/cc64f7e1-14d8-4a57-b11b-2cf03d200c82/processes/a28ca150-de06-4a99-9b8e-6dbb381f69e1
sand_0_2,286b0072-1001-4e5f-baa2-282230755243,Sand 0/2,"Sand 0/2, undried",generic dataset,Sand 0/2,kg,1.0,1.0,2023,2026,DE,1.1,https://oekobaudat.de/OEKOBAU.DAT/resource/datastocks/cc64f7e1-14d8-4a57-b11b-2cf03d200c82/processes/286b0072-1001-4e5f-baa2-282230755243
gravel_2_32,d35a5f2a-d72c-41a3-9f64-ea1b1ec066d1,Gravel (Grain size 2/32),"Gravel 2/32, wet",generic dataset,Gravel (Grain size 2/32),kg,1.0,1.0,2023,2026,DE,1.1,https://oekobaudat.de/OEKOBAU.DAT/resource/datastocks/cc64f7e1-14d8-4a57-b11b-2cf03d200c82/processes/d35a5f2a-d72c-41a3-9f64-ea1b1ec066d1
crushed_stone_0_2,0d61ff01-935e-4934-befe-cb0b2ea18187,Crushed stone 0/2,Crushed stone 0/2,generic dataset,Crushed stone 0/2,kg,1.0,1.0,2023,2026,DE,1.1,https://oekobaudat.de/OEKOBAU.DAT/resource/datastocks/cc64f7e1-14d8-4a57-b11b-2cf03d200c82/processes/0d61ff01-935e-4934-befe-cb0b2ea18187
lime_CaO,e0673d46-3be4-43b5-af2b-eca25573b68a,Lime (CaO; Finelime),"Quicklime CaO, fine lime",generic dataset,Lime (CaO; Finelime),kg,1.0,1.0,2023,2026,DE,1.1,https://oekobaudat.de/OEKOBAU.DAT/resource/datastocks/cc64f7e1-14d8-4a57-b11b-2cf03d200c82/processes/e0673d46-3be4-43b5-af2b-eca25573b68a
drinking_water,63f776af-c722-40f5-a03a-7dc8a438a3a3,Drinking water,Drinking (tap) water,generic dataset,Drinking water,kg,1.0,1.0,2023,2026,DE,1.1,https://oekobaudat.de/OEKOBAU.DAT/resource/datastocks/cc64f7e1-14d8-4a57-b11b-2cf03d200c82/processes/63f776af-c722-40f5-a03a-7dc8a438a3a3
brick_unfilled_avg,30514538-fcb4-483b-b5d5-c108d2037536,Brick (unfilled),"Clay masonry brick (unfilled), industry average",average dataset,Mauerziegel (575 kg/m³) (Mauerziegel (575 kg/m³)),m3,1.0,575.0,2021,2026,DE,1.1,https://oekobaudat.de/OEKOBAU.DAT/resource/datastocks/cc64f7e1-14d8-4a57-b11b-2cf03d200c82/processes/30514538-fcb4-483b-b5d5-c108d2037536
adobe_1200,4c009f04-44e1-42e3-a32e-4929294debab,Adobe,Adobe (unfired earth block) 1200 kg/m3,generic dataset,Adobe,m3,1.0,1200.0,2023,2026,DE,1.1,https://oekobaudat.de/OEKOBAU.DAT/resource/datastocks/cc64f7e1-14d8-4a57-b11b-2cf03d200c82/processes/4c009f04-44e1-42e3-a32e-4929294debab
concrete_masonry_brick_2000,2cdcffc6-84e9-4238-b8af-beebabea9a2d,Concrete masonry brick,Concrete masonry block 2000 kg/m3,generic dataset,Concrete masonry brick,m3,1.0,2000.0,2023,2026,DE,1.1,https://oekobaudat.de/OEKOBAU.DAT/resource/datastocks/cc64f7e1-14d8-4a57-b11b-2cf03d200c82/processes/2cdcffc6-84e9-4238-b8af-beebabea9a2d
sand_lime_brick_avg,cc0d7baa-755a-4a4a-baf3-4fe53d68a041,Sand-lime brick,"Sand-lime brick, industry average",average dataset,Kalksandstein (),kg,1000.0,1000.0,2021,2026,DE,1.1,https://oekobaudat.de/OEKOBAU.DAT/resource/datastocks/cc64f7e1-14d8-4a57-b11b-2cf03d200c82/processes/cc0d7baa-755a-4a4a-baf3-4fe53d68a041
lwc_block_pumice,a1deced7-6fa9-4266-bc86-da75b3653b06,Lightweight concrete block from 100% natural pumice,"Lightweight concrete block, natural pumice",generic dataset,Lightweight concrete block from 100% natural pumice,m3,1.0,500.0,2023,2026,DE,1.1,https://oekobaudat.de/OEKOBAU.DAT/resource/datastocks/cc64f7e1-14d8-4a57-b11b-2cf03d200c82/processes/a1deced7-6fa9-4266-bc86-da75b3653b06
landfill_municipal,0debb933-3fab-469d-bed8-a6277908c132,Municipal waste landfill,Municipal waste landfill (C4),generic dataset,Municipal waste landfill,kg,1.0,1.0,2023,2026,DE,1.1,https://oekobaudat.de/OEKOBAU.DAT/resource/datastocks/cc64f7e1-14d8-4a57-b11b-2cf03d200c82/processes/0debb933-3fab-469d-bed8-a6277908c132
clay_powder,a60489dc-32f2-4ff6-83d2-eb8f4f630ebd,Clay powder,Clay powder,generic dataset,Clay powder,kg,1.0,1.0,2023,2026,DE,1.1,https://oekobaudat.de/OEKOBAU.DAT/resource/datastocks/cc64f7e1-14d8-4a57-b11b-2cf03d200c82/processes/a60489dc-32f2-4ff6-83d2-eb8f4f630ebd
recycling_readymix_C20_25,8f11c179-e367-4833-93f3-10597923c79c,Recycling ready-mix concrete C20/25,Ready-mix concrete C20/25 with recycled aggregate,generic dataset,Recycling ready-mix concrete C20/25,m3,1.0,2297.0,2023,2026,DE,1.1,https://oekobaudat.de/OEKOBAU.DAT/resource/datastocks/cc64f7e1-14d8-4a57-b11b-2cf03d200c82/processes/8f11c179-e367-4833-93f3-10597923c79c
concrete_C8_10,83fae93c-605a-449c-8508-525ea1bc58ba,Concrete C8/10,"Concrete C8/10, industry average (InformationsZentrum Beton)",average dataset,1 m³ Konstruktionsbeton C 30/37 (1 m³ Konstruktionsbeton C 30/37),m3,1.0,2400.0,2023,2028,DE,1.1,https://oekobaudat.de/OEKOBAU.DAT/resource/datastocks/cc64f7e1-14d8-4a57-b11b-2cf03d200c82/processes/83fae93c-605a-449c-8508-525ea1bc58ba
concrete_C12_15,d9d204f1-453f-401e-8e48-7f078d30054f,Concrete C12/15,"Concrete C12/15, industry average",average dataset,1 m³ Konstruktionsbeton C 30/37 (1 m³ Konstruktionsbeton C 30/37),m3,1.0,2400.0,2023,2028,DE,1.1,https://oekobaudat.de/OEKOBAU.DAT/resource/datastocks/cc64f7e1-14d8-4a57-b11b-2cf03d200c82/processes/d9d204f1-453f-401e-8e48-7f078d30054f
concrete_C16_20,fee19a6f-6f79-4906-88fd-41e94757aa3c,Concrete C16/20,"Concrete C16/20, industry average",average dataset,1 m³ Konstruktionsbeton C 30/37 (1 m³ Konstruktionsbeton C 30/37),m3,1.0,2400.0,2023,2028,DE,1.1,https://oekobaudat.de/OEKOBAU.DAT/resource/datastocks/cc64f7e1-14d8-4a57-b11b-2cf03d200c82/processes/fee19a6f-6f79-4906-88fd-41e94757aa3c
concrete_C20_25,d5d98d4b-a9ba-4fb3-b2d2-6766f8ef5a59,Concrete C20/25,"Concrete C20/25, industry average",average dataset,1 m³ Konstruktionsbeton C 30/37 (1 m³ Konstruktionsbeton C 30/37),m3,1.0,2400.0,2023,2028,DE,1.1,https://oekobaudat.de/OEKOBAU.DAT/resource/datastocks/cc64f7e1-14d8-4a57-b11b-2cf03d200c82/processes/d5d98d4b-a9ba-4fb3-b2d2-6766f8ef5a59
concrete_C25_30,8347f9a7-f4ec-4a36-a266-a0281f5fd16d,Concrete C25/30,"Concrete C25/30, industry average",average dataset,1 m³ Konstruktionsbeton C 30/37 (1 m³ Konstruktionsbeton C 30/37),m3,1.0,2400.0,2023,2028,DE,1.1,https://oekobaudat.de/OEKOBAU.DAT/resource/datastocks/cc64f7e1-14d8-4a57-b11b-2cf03d200c82/processes/8347f9a7-f4ec-4a36-a266-a0281f5fd16d
concrete_C30_37,b3fb0ba9-2376-49bf-b21a-7f7a5cd97233,Concrete C30/37,"Concrete C30/37, industry average",average dataset,1 m³ Konstruktionsbeton C 30/37 (1 m³ Konstruktionsbeton C 30/37),m3,1.0,2400.0,2023,2028,DE,1.1,https://oekobaudat.de/OEKOBAU.DAT/resource/datastocks/cc64f7e1-14d8-4a57-b11b-2cf03d200c82/processes/b3fb0ba9-2376-49bf-b21a-7f7a5cd97233
concrete_C35_45,90999905-ace2-49ee-90f0-f2a649c8989e,Concrete C35/45,"Concrete C35/45, industry average",average dataset,1 m³ Konstruktionsbeton C 30/37 (1 m³ Konstruktionsbeton C 30/37),m3,1.0,2400.0,2023,2028,DE,1.1,https://oekobaudat.de/OEKOBAU.DAT/resource/datastocks/cc64f7e1-14d8-4a57-b11b-2cf03d200c82/processes/90999905-ace2-49ee-90f0-f2a649c8989e
concrete_C50_60,5f9cf5f3-c5e1-4b32-8359-a9102f1483ec,Concrete C50/60,"Concrete C50/60, industry average",average dataset,1 m³ Konstruktionsbeton C 30/37 (1 m³ Konstruktionsbeton C 30/37),m3,1.0,2400.0,2023,2028,DE,1.1,https://oekobaudat.de/OEKOBAU.DAT/resource/datastocks/cc64f7e1-14d8-4a57-b11b-2cf03d200c82/processes/5f9cf5f3-c5e1-4b32-8359-a9102f1483ec
readymix_C20_25,e3d7a045-ee91-43ac-8fb4-a5216c65ba0b,Ready-mix concrete C20/25,"Ready-mix concrete C20/25, generic",generic dataset,Ready-mix concrete C20/25,m3,1.0,2296.9,2023,2026,DE,1.1,https://oekobaudat.de/OEKOBAU.DAT/resource/datastocks/cc64f7e1-14d8-4a57-b11b-2cf03d200c82/processes/e3d7a045-ee91-43ac-8fb4-a5216c65ba0b
readymix_C30_37,d6f982e3-beda-49f0-a298-694fcbf3ba38,Ready-mix concrete C30/37,"Ready-mix concrete C30/37, generic",generic dataset,Ready-mix concrete C30/37,m3,1.0,2305.888889,2023,2026,DE,1.1,https://oekobaudat.de/OEKOBAU.DAT/resource/datastocks/cc64f7e1-14d8-4a57-b11b-2cf03d200c82/processes/d6f982e3-beda-49f0-a298-694fcbf3ba38
readymix_C50_60,0a1fa7f9-ad49-4942-a173-cb8c4ad99c9b,Ready-mix concrete C50/60,"Ready-mix concrete C50/60, generic",generic dataset,Ready-mix concrete C50/60,m3,1.0,2316.6,2023,2026,DE,1.1,https://oekobaudat.de/OEKOBAU.DAT/resource/datastocks/cc64f7e1-14d8-4a57-b11b-2cf03d200c82/processes/0a1fa7f9-ad49-4942-a173-cb8c4ad99c9b
recycling_readymix_C30_37,3e15eb88-e824-4a81-972a-45e06930aa19,Recycling ready-mix concrete C30/37,Ready-mix concrete C30/37 with recycled aggregate,generic dataset,Recycling ready-mix concrete C30/37,m3,1.0,2306.0,2023,2026,DE,1.1,https://oekobaudat.de/OEKOBAU.DAT/resource/datastocks/cc64f7e1-14d8-4a57-b11b-2cf03d200c82/processes/3e15eb88-e824-4a81-972a-45e06930aa19
cement_CEM_II_32_5,0808539c-0cd5-4561-b4a0-058c6f4c7b04,"Cement (CEM II 32,5)","Cement CEM II 32.5, generic",generic dataset,"Cement (CEM II 32,5)",kg,1.0,1.0,2023,2026,DE,1.1,https://oekobaudat.de/OEKOBAU.DAT/resource/datastocks/cc64f7e1-14d8-4a57-b11b-2cf03d200c82/processes/0808539c-0cd5-4561-b4a0-058c6f4c7b04
cement_CEM_II_42_5,1f9e860b-307b-47c3-8cb7-83aff71b0494,"Cement (CEM II 42,5)","Cement CEM II 42.5, generic",generic dataset,"Cement (CEM II 42,5)",kg,1.0,1.0,2023,2026,DE,1.1,https://oekobaudat.de/OEKOBAU.DAT/resource/datastocks/cc64f7e1-14d8-4a57-b11b-2cf03d200c82/processes/1f9e860b-307b-47c3-8cb7-83aff71b0494
cement_CEM_II_A,aaaedf41-a759-4756-bd55-cd2af3af17f4,Cement (CEM II/A),"Cement CEM II/A, generic",generic dataset,Cement (CEM II/A),kg,1.0,1.0,2023,2026,DE,1.1,https://oekobaudat.de/OEKOBAU.DAT/resource/datastocks/cc64f7e1-14d8-4a57-b11b-2cf03d200c82/processes/aaaedf41-a759-4756-bd55-cd2af3af17f4
cement_CEM_II_B,3be4fe78-86d4-4497-9e9d-173b87f321f4,Cement (CEM II/B),"Cement CEM II/B, generic",generic dataset,Cement (CEM II/B),kg,1.0,1.0,2023,2026,DE,1.1,https://oekobaudat.de/OEKOBAU.DAT/resource/datastocks/cc64f7e1-14d8-4a57-b11b-2cf03d200c82/processes/3be4fe78-86d4-4497-9e9d-173b87f321f4
cement_CEM_III_42_5,8f4e4fdb-fa6c-46b3-8680-57120c4bee5e,"Cement (CEM III 42,5)","Cement CEM III 42.5, generic",generic dataset,"Cement (CEM III 42,5)",kg,1.0,1.0,2023,2026,DE,1.1,https://oekobaudat.de/OEKOBAU.DAT/resource/datastocks/cc64f7e1-14d8-4a57-b11b-2cf03d200c82/processes/8f4e4fdb-fa6c-46b3-8680-57120c4bee5e
cement_CEM_III_A_avg,202fc149-0a84-40c8-a5d3-fbb5cdcb55a8,Blast-furnace cement CEM III/A - Hydraulic cement,"Blast-furnace cement CEM III/A, industry average (VDZ)",average dataset,Blast-furnace cement CEM III/A - Hydraulic cement,kg,1000.0,1000.0,2022,2027,DE,1.1,https://oekobaudat.de/OEKOBAU.DAT/resource/datastocks/cc64f7e1-14d8-4a57-b11b-2cf03d200c82/processes/202fc149-0a84-40c8-a5d3-fbb5cdcb55a8
cement_CEM_IV_32_5,75a02ed2-9e8d-4c49-add1-b41b85adf3e7,"Cement (CEM IV 32,5)","Cement CEM IV 32.5, generic",generic dataset,"Cement (CEM IV 32,5)",kg,1.0,1.0,2023,2026,DE,1.1,https://oekobaudat.de/OEKOBAU.DAT/resource/datastocks/cc64f7e1-14d8-4a57-b11b-2cf03d200c82/processes/75a02ed2-9e8d-4c49-add1-b41b85adf3e7
cement_mortar,96171066-34d9-4b33-b1e6-3af1ea11db61,Cement mortar,"Cement mortar, generic",generic dataset,Cement mortar,m3,1.0,2000.0,2023,2026,DE,1.1,https://oekobaudat.de/OEKOBAU.DAT/resource/datastocks/cc64f7e1-14d8-4a57-b11b-2cf03d200c82/processes/96171066-34d9-4b33-b1e6-3af1ea11db61
lime_cement_mortar,af98c17b-b748-4d08-b5d5-9ff028ae7f25,Lime cement mortar,"Lime cement mortar, generic",generic dataset,Lime cement mortar,m3,1.0,1800.0,2023,2026,DE,1.1,https://oekobaudat.de/OEKOBAU.DAT/resource/datastocks/cc64f7e1-14d8-4a57-b11b-2cf03d200c82/processes/af98c17b-b748-4d08-b5d5-9ff028ae7f25
lime_plaster,ddc96ae4-086c-4033-9e45-c5589f1661ba,Lime plaster,"Lime plaster, generic",generic dataset,Lime plaster,m3,1.0,1800.0,2023,2026,DE,1.1,https://oekobaudat.de/OEKOBAU.DAT/resource/datastocks/cc64f7e1-14d8-4a57-b11b-2cf03d200c82/processes/ddc96ae4-086c-4033-9e45-c5589f1661ba
lime_cement_plaster,dca9f05c-036b-40e5-ae81-c957c2420fd8,Lime-cement plaster,"Lime-cement plaster, generic",generic dataset,Lime-cement plaster,m3,1.0,1800.0,2023,2026,DE,1.1,https://oekobaudat.de/OEKOBAU.DAT/resource/datastocks/cc64f7e1-14d8-4a57-b11b-2cf03d200c82/processes/dca9f05c-036b-40e5-ae81-c957c2420fd8
lime_interior_plaster,eea7e352-bf1d-4e6d-9029-689d7936e6a7,Lime interior plaster,"Lime interior plaster, generic",generic dataset,Lime interior plaster,m3,1.0,900.0,2023,2026,DE,1.1,https://oekobaudat.de/OEKOBAU.DAT/resource/datastocks/cc64f7e1-14d8-4a57-b11b-2cf03d200c82/processes/eea7e352-bf1d-4e6d-9029-689d7936e6a7
masonry_mortar_lightweight,7c0535db-e6d1-4342-871d-74cde862d97a,Masonry Mortar - Lightweight Masonry Mortar,"Lightweight masonry mortar, industry average",average dataset,1 kg Mauermörtel-Leichtmörtel (1 kg Mauermörtel-Leichtmörtel),kg,1.0,1.0,2024,2029,DE,1.1,https://oekobaudat.de/OEKOBAU.DAT/resource/datastocks/cc64f7e1-14d8-4a57-b11b-2cf03d200c82/processes/7c0535db-e6d1-4342-871d-74cde862d97a
gypsum_interior_plaster,7e0c008a-009d-4357-92c1-afb2cec3bc0a,Gypsum interior plaster,"Gypsum interior plaster 1000 kg/m3, generic",generic dataset,Gypsum interior plaster,m3,1.0,900.0,2023,2026,DE,1.1,https://oekobaudat.de/OEKOBAU.DAT/resource/datastocks/cc64f7e1-14d8-4a57-b11b-2cf03d200c82/processes/7e0c008a-009d-4357-92c1-afb2cec3bc0a
gypsum_blocks,49151a25-7935-49a4-beca-4422b158c405,Massive gypsum blocks according to DIN EN 12859 / Tool,"Massive gypsum blocks EN 12859, industry average",average dataset,1 m2 = 84 kg Gips-Wandbauplatte (1 m2 = 84 kg Gips-Wandbauplatte),qm,1.0,850.0,2022,2027,DE,1.1,https://oekobaudat.de/OEKOBAU.DAT/resource/datastocks/cc64f7e1-14d8-4a57-b11b-2cf03d200c82/processes/49151a25-7935-49a4-beca-4422b158c405
calcium_sulfate_screed,3abc810c-ef3a-4ab4-b6d8-0217716e213e,Calcium sulfate screed,"Calcium sulfate screed, generic",generic dataset,Calcium sulfate screed,kg,1.0,1.0,2023,2026,DE,1.1,https://oekobaudat.de/OEKOBAU.DAT/resource/datastocks/cc64f7e1-14d8-4a57-b11b-2cf03d200c82/processes/3abc810c-ef3a-4ab4-b6d8-0217716e213e
brick_facing_generic,1401638f-b9d7-4b33-9444-b072e2756f49,Facing brick,"Facing brick, clay-based, generic",generic dataset,Facing brick,m3,1.0,1800.0,2023,2026,DE,1.1,https://oekobaudat.de/OEKOBAU.DAT/resource/datastocks/cc64f7e1-14d8-4a57-b11b-2cf03d200c82/processes/1401638f-b9d7-4b33-9444-b072e2756f49
brick_facing_avg,127a23f5-d954-41c9-8f8a-ecca18aca691,Facing bricks,"Facing bricks, industry average",average dataset,1 m² Vormauerziegel und Klinker (1 m² Vormauerziegel und Klinker),qm,1.0,1700.0,2023,2028,DE,1.1,https://oekobaudat.de/OEKOBAU.DAT/resource/datastocks/cc64f7e1-14d8-4a57-b11b-2cf03d200c82/processes/127a23f5-d954-41c9-8f8a-ecca18aca691
brick_plan_filled,b822aa09-3cb6-49a3-98f6-a3ebf325a70b,Plan bricks (filled with polystyrene),"Plan bricks filled with polystyrene, generic",generic dataset,1.3.02. Plan bricks (filled with polystyrene),m3,1.0,605.0,2023,2026,DE,1.1,https://oekobaudat.de/OEKOBAU.DAT/resource/datastocks/cc64f7e1-14d8-4a57-b11b-2cf03d200c82/processes/b822aa09-3cb6-49a3-98f6-a3ebf325a70b
brick_reuse,7f453b20-5b30-4707-bf43-32e2d07a51f9,DeFries Reuse-Brick,DeFries Reuse-Brick (reclaimed brick),average dataset,DeFries Reuse-Brick (DeFries Reuse-Brick),m3,1.0,1801.0,2024,2029,DE,1.1,https://oekobaudat.de/OEKOBAU.DAT/resource/datastocks/cc64f7e1-14d8-4a57-b11b-2cf03d200c82/processes/7f453b20-5b30-4707-bf43-32e2d07a51f9
clay_pavers,feaaff18-9f56-437b-aef1-3f63928c1138,Pavers,"Clay pavers, industry average",average dataset,Pflasterziegel und Pflasterklinker (Pflasterziegel und Pflasterklinker),qm,1.0,2000.0,2023,2028,DE,1.1,https://oekobaudat.de/OEKOBAU.DAT/resource/datastocks/cc64f7e1-14d8-4a57-b11b-2cf03d200c82/processes/feaaff18-9f56-437b-aef1-3f63928c1138
aac_P2_04,c5310f2b-23a1-4059-ba25-80d9b3e933f5,Aerated concrete P2 04 non-reinforced,"Aerated concrete P2 04, 380 kg/m3, generic",generic dataset,Aerated concrete P2 04 non-reinforced,m3,1.0,380.0,2023,2026,DE,1.1,https://oekobaudat.de/OEKOBAU.DAT/resource/datastocks/cc64f7e1-14d8-4a57-b11b-2cf03d200c82/processes/c5310f2b-23a1-4059-ba25-80d9b3e933f5
aac_P4_05,f1e6c40e-3f2e-4435-9fd8-abc2dd96c38c,Aerated concrete P4 05 non-reinforced,"Aerated concrete P4 05, 500 kg/m3, generic",generic dataset,Aerated concrete P4 05 non-reinforced,m3,1.0,472.0,2023,2026,DE,1.1,https://oekobaudat.de/OEKOBAU.DAT/resource/datastocks/cc64f7e1-14d8-4a57-b11b-2cf03d200c82/processes/f1e6c40e-3f2e-4435-9fd8-abc2dd96c38c
aac_granulate,01f45a03-460d-4e55-b5c9-72d3e8eda18e,Aerated concrete granulate,"Aerated concrete granulate 400 kg/m3, generic",generic dataset,Aerated concrete granulate,m3,1.0,400.0,2023,2026,DE,1.1,https://oekobaudat.de/OEKOBAU.DAT/resource/datastocks/cc64f7e1-14d8-4a57-b11b-2cf03d200c82/processes/01f45a03-460d-4e55-b5c9-72d3e8eda18e
expanded_clay_block_inner,5c400482-2153-45e8-a4d2-e10a9338909b,Expanded clay concrete block inner wall,"Expanded clay concrete block, inner wall, 700 kg/m3",generic dataset,Expanded clay concrete block inner wall,m3,1.0,701.0,2023,2026,DE,1.1,https://oekobaudat.de/OEKOBAU.DAT/resource/datastocks/cc64f7e1-14d8-4a57-b11b-2cf03d200c82/processes/5c400482-2153-45e8-a4d2-e10a9338909b
expanded_clay_block_outer,23fc083c-960d-4d31-a509-f383e01c3179,Expanded clay concrete block outer wall,"Expanded clay concrete block, outer wall, 500 kg/m3",generic dataset,Expanded clay concrete block outer wall,m3,1.0,501.0,2023,2026,DE,1.1,https://oekobaudat.de/OEKOBAU.DAT/resource/datastocks/cc64f7e1-14d8-4a57-b11b-2cf03d200c82/processes/23fc083c-960d-4d31-a509-f383e01c3179
expanded_clay_granulate,67c9d57a-872a-4614-8be8-37ecaf9952e4,Expanded clay granulate,Expanded clay granulate 4/16,generic dataset,Expanded clay granulate,kg,1.0,1.0,2023,2026,DE,1.1,https://oekobaudat.de/OEKOBAU.DAT/resource/datastocks/cc64f7e1-14d8-4a57-b11b-2cf03d200c82/processes/67c9d57a-872a-4614-8be8-37ecaf9952e4
expanded_clay_sand,8ac5659c-5918-41bb-966d-91efdd6c4e50,1.2.04Expanded clay sand,Expanded clay sand 0/4,generic dataset,1.2.04Expanded clay sand,kg,1.0,1.0,2023,2026,DE,1.1,https://oekobaudat.de/OEKOBAU.DAT/resource/datastocks/cc64f7e1-14d8-4a57-b11b-2cf03d200c82/processes/8ac5659c-5918-41bb-966d-91efdd6c4e50
sand_lime_brick_generic,c916ceb3-a44d-40b7-8984-861afa589956,Sand-lime brick,"Sand-lime brick, generic",generic dataset,Sand-lime brick,m3,1.0,2000.0,2023,2026,DE,1.1,https://oekobaudat.de/OEKOBAU.DAT/resource/datastocks/cc64f7e1-14d8-4a57-b11b-2cf03d200c82/processes/c916ceb3-a44d-40b7-8984-861afa589956
natural_aggregates_avg,cff84492-d5c8-4da9-a79b-aea5a8507d9d,Natural aggregates (Näppi T & N Oy),Natural aggregates (Naeppi T & N Oy),average dataset,Natural aggregates,kg,1000.0,1000.0,2023,2030,GLO,1.1,https://oekobaudat.de/OEKOBAU.DAT/resource/datastocks/cc64f7e1-14d8-4a57-b11b-2cf03d200c82/processes/cff84492-d5c8-4da9-a79b-aea5a8507d9d
crushed_stone_2_15,f501dc99-706c-4b15-aaec-2cca2b409b41,Crushed stone 2/15,Crushed stone 2/15,generic dataset,Crushed stone 2/15,kg,1.0,1.0,2023,2026,DE,1.1,https://oekobaudat.de/OEKOBAU.DAT/resource/datastocks/cc64f7e1-14d8-4a57-b11b-2cf03d200c82/processes/f501dc99-706c-4b15-aaec-2cca2b409b41
crushed_stone_16_32,f4461491-586a-4770-9a04-716565e58c24,Crushed stone 16/32,Crushed stone 16/32,generic dataset,Crushed stone 16/32,kg,1.0,1.0,2023,2026,DE,1.1,https://oekobaudat.de/OEKOBAU.DAT/resource/datastocks/cc64f7e1-14d8-4a57-b11b-2cf03d200c82/processes/f4461491-586a-4770-9a04-716565e58c24
sand_0_2_dried,0d027c8c-89dc-486e-8390-b4649f5e6ed8,Sand 0/2 (dried),"Sand 0/2, dried",generic dataset,Sand 0/2 (dried),kg,1.0,1.0,2023,2026,DE,1.1,https://oekobaudat.de/OEKOBAU.DAT/resource/datastocks/cc64f7e1-14d8-4a57-b11b-2cf03d200c82/processes/0d027c8c-89dc-486e-8390-b4649f5e6ed8
fly_ash_hard_coal,90bd318e-7e72-47e7-bdfb-ed6c9309d68a,Hard coal fly ash,Hard coal fly ash (SCM),generic dataset,Hard coal fly ash,kg,1.0,1.0,2023,2026,DE,1.1,https://oekobaudat.de/OEKOBAU.DAT/resource/datastocks/cc64f7e1-14d8-4a57-b11b-2cf03d200c82/processes/90bd318e-7e72-47e7-bdfb-ed6c9309d68a
furnace_bottom_ash,38b91399-b79d-491a-b172-2343d7b65c0d,Furnace bottom ash,Furnace bottom ash,generic dataset,Furnace bottom ash,kg,1.0,1.0,2023,2026,DE,1.1,https://oekobaudat.de/OEKOBAU.DAT/resource/datastocks/cc64f7e1-14d8-4a57-b11b-2cf03d200c82/processes/38b91399-b79d-491a-b172-2343d7b65c0d
reinforcement_steel_wire,f6861618-5a92-4c3a-94ba-9f7329b29662,Reinforcement steel wire,"Reinforcement steel wire, generic",generic dataset,Reinforcement steel wire,kg,1.0,1.0,2023,2026,DE,1.1,https://oekobaudat.de/OEKOBAU.DAT/resource/datastocks/cc64f7e1-14d8-4a57-b11b-2cf03d200c82/processes/f6861618-5a92-4c3a-94ba-9f7329b29662
reinforcing_steel_bars_avg,a019c5d1-f6b5-47da-b842-ef094cba850d,Reinforcing steel bars,"Reinforcing steel bars, industry average",average dataset,Reinforcing steel bars,kg,1.0,1.0,2020,2027,DE,1.1,https://oekobaudat.de/OEKOBAU.DAT/resource/datastocks/cc64f7e1-14d8-4a57-b11b-2cf03d200c82/processes/a019c5d1-f6b5-47da-b842-ef094cba850d
rammed_earth_wall,4b42a944-ff7e-4540-a46b-c21074255143,Rammed earth wall,Rammed earth wall 2000 kg/m3,generic dataset,Rammed earth wall,m3,1.0,2000.0,2023,2026,DE,1.1,https://oekobaudat.de/OEKOBAU.DAT/resource/datastocks/cc64f7e1-14d8-4a57-b11b-2cf03d200c82/processes/4b42a944-ff7e-4540-a46b-c21074255143
clay_plaster,422b2446-8a3f-457d-b47b-4728b2869d86,Clay plaster,Clay plaster 1600 kg/m3,generic dataset,Clay plaster,m3,1.0,900.0,2023,2026,DE,1.1,https://oekobaudat.de/OEKOBAU.DAT/resource/datastocks/cc64f7e1-14d8-4a57-b11b-2cf03d200c82/processes/422b2446-8a3f-457d-b47b-4728b2869d86
concrete_paving_stones_avg,32d81066-a845-43d0-bd69-c63897f1496f,Concrete paving stones/slabs,"Concrete paving stones/slabs, industry average",average dataset,Betonpflastersteine/-platten (H. Klostermann GmbH & Co. KG Betonwerke),qm,1.0,,2022,2028,DE,1.1,https://oekobaudat.de/OEKOBAU.DAT/resource/datastocks/cc64f7e1-14d8-4a57-b11b-2cf03d200c82/processes/32d81066-a845-43d0-bd69-c63897f1496f
precast_concrete_wall_12cm,97b971c7-8d43-4650-bfd6-75fdcf9a2101,"Precast concrete wall, thickness 12cm","Precast concrete wall 12 cm, 291.3 kg/m2",generic dataset,"Precast concrete wall, thickness 12cm",qm,1.0,291.3,2023,2026,DE,1.1,https://oekobaudat.de/OEKOBAU.DAT/resource/datastocks/cc64f7e1-14d8-4a57-b11b-2cf03d200c82/processes/97b971c7-8d43-4650-bfd6-75fdcf9a2101
rail_transport,b04a12ef-0842-4ee9-b411-02d8073f0f96,Rail transport,"Rail transport, freight",generic dataset,Rail transport,tkm,1.0,,2023,2026,DE,1.1,https://oekobaudat.de/OEKOBAU.DAT/resource/datastocks/cc64f7e1-14d8-4a57-b11b-2cf03d200c82/processes/b04a12ef-0842-4ee9-b411-02d8073f0f96
barge_transport,5b617407-2029-4b47-84d0-2caf10937b1d,Barge (average),Barge transport (average),generic dataset,Barge (average),tkm,1.0,,2023,2026,DE,1.1,https://oekobaudat.de/OEKOBAU.DAT/resource/datastocks/cc64f7e1-14d8-4a57-b11b-2cf03d200c82/processes/5b617407-2029-4b47-84d0-2caf10937b1d
container_ship,c1bfdecc-e167-4c3a-8792-5dc06b97b4b8,Container ship,Container ship transport,generic dataset,Container ship,tkm,1.0,,2023,2026,DE,1.1,https://oekobaudat.de/OEKOBAU.DAT/resource/datastocks/cc64f7e1-14d8-4a57-b11b-2cf03d200c82/processes/c1bfdecc-e167-4c3a-8792-5dc06b97b4b8
excavator_100kW,6abf619b-9e1e-4c1d-996b-0458137d3303,Excavator 100kW,Excavator 100 kW (demolition / loading),generic dataset,Excavator 100kW,m3,1.0,,2023,2026,DE,1.1,https://oekobaudat.de/OEKOBAU.DAT/resource/datastocks/cc64f7e1-14d8-4a57-b11b-2cf03d200c82/processes/6abf619b-9e1e-4c1d-996b-0458137d3303
electricity_DE_2019,80e3d34e-6f37-4d1d-94fd-b9694b96223d,Electricity grid mix 2019,Electricity grid mix Germany 2019,generic dataset,Electricity grid mix 2019,kWh,1.0,,2023,2026,DE,1.1,https://oekobaudat.de/OEKOBAU.DAT/resource/datastocks/cc64f7e1-14d8-4a57-b11b-2cf03d200c82/processes/80e3d34e-6f37-4d1d-94fd-b9694b96223d
electricity_DE_2020,3981321a-5d7b-43bb-ad86-61c0e20e1359,Electricity grid mix 2020,Electricity grid mix Germany 2020,generic dataset,Electricity grid mix 2020,kWh,1.0,,2023,2026,DE,1.1,https://oekobaudat.de/OEKOBAU.DAT/resource/datastocks/cc64f7e1-14d8-4a57-b11b-2cf03d200c82/processes/3981321a-5d7b-43bb-ad86-61c0e20e1359
electricity_DE_2021,669c531b-aa84-4d04-b96b-aa0f075952b3,Electricity grid mix 2021,Electricity grid mix Germany 2021,generic dataset,Electricity grid mix 2021,kWh,1.0,,2023,2026,DE,1.1,https://oekobaudat.de/OEKOBAU.DAT/resource/datastocks/cc64f7e1-14d8-4a57-b11b-2cf03d200c82/processes/669c531b-aa84-4d04-b96b-aa0f075952b3
electricity_DE_2030,1ba3d2bb-56ca-416d-866c-959f3e83ca77,Electricity grid mix scenario 2030,Electricity grid mix scenario 2030,generic dataset,Electricity grid mix scenario 2030,kWh,1.0,,2023,2026,DE,1.1,https://oekobaudat.de/OEKOBAU.DAT/resource/datastocks/cc64f7e1-14d8-4a57-b11b-2cf03d200c82/processes/1ba3d2bb-56ca-416d-866c-959f3e83ca77
electricity_DE_2040,ea0ec5fe-056c-488a-975e-a229a008f2c5,Electricity grid mix scenario 2040,Electricity grid mix scenario 2040,generic dataset,Electricity grid mix scenario 2040,kWh,1.0,,2023,2026,DE,1.1,https://oekobaudat.de/OEKOBAU.DAT/resource/datastocks/cc64f7e1-14d8-4a57-b11b-2cf03d200c82/processes/ea0ec5fe-056c-488a-975e-a229a008f2c5
electricity_DE_2050,3e2e2e0d-957f-4c34-8a44-d0a177d7ab8e,Electricity grid mix scenario 2050,Electricity grid mix scenario 2050,generic dataset,Electricity grid mix scenario 2050,kWh,1.0,,2023,2026,DE,1.1,https://oekobaudat.de/OEKOBAU.DAT/resource/datastocks/cc64f7e1-14d8-4a57-b11b-2cf03d200c82/processes/3e2e2e0d-957f-4c34-8a44-d0a177d7ab8e
electricity_wind,db3d76da-77ee-4e8a-a219-12448236ee27,Electricity from wind power,Electricity from wind power,generic dataset,Electricity from wind power,kWh,1.0,,2023,2026,DE,1.1,https://oekobaudat.de/OEKOBAU.DAT/resource/datastocks/cc64f7e1-14d8-4a57-b11b-2cf03d200c82/processes/db3d76da-77ee-4e8a-a219-12448236ee27
electricity_hydro,c840b0e2-d518-48c9-b94f-fa5017872074,Electricity from hydropower,Electricity from hydropower,generic dataset,Electricity from hydropower,kWh,1.0,,2023,2026,DE,1.1,https://oekobaudat.de/OEKOBAU.DAT/resource/datastocks/cc64f7e1-14d8-4a57-b11b-2cf03d200c82/processes/c840b0e2-d518-48c9-b94f-fa5017872074
electricity_pv,7f5a034f-5541-4ac4-90ff-c1c41d7c93db,Electricity from photovoltaik (1 kWh),Electricity from photovoltaics,generic dataset,Electricity from photovoltaik (1 kWh),kWh,1.0,,2023,2026,DE,1.1,https://oekobaudat.de/OEKOBAU.DAT/resource/datastocks/cc64f7e1-14d8-4a57-b11b-2cf03d200c82/processes/7f5a034f-5541-4ac4-90ff-c1c41d7c93db
electricity_biogas,b4c942fd-5b75-44bd-b04d-0d52737410ea,Electricity from biogas (1 kWh),Electricity from biogas,generic dataset,Electricity from biogas (1 kWh),kWh,1.0,,2023,2026,DE,1.1,https://oekobaudat.de/OEKOBAU.DAT/resource/datastocks/cc64f7e1-14d8-4a57-b11b-2cf03d200c82/processes/b4c942fd-5b75-44bd-b04d-0d52737410ea
electricity_biomass,f70619b5-cc1f-462f-9e98-fbd4bb6bbb2f,Electricity from biomass (1 kWh),Electricity from biomass,generic dataset,Electricity from biomass (1 kWh),kWh,1.0,,2023,2026,DE,1.1,https://oekobaudat.de/OEKOBAU.DAT/resource/datastocks/cc64f7e1-14d8-4a57-b11b-2cf03d200c82/processes/f70619b5-cc1f-462f-9e98-fbd4bb6bbb2f
district_heat_mix_DE,bff1909a-5383-49bb-a450-aa9543e7a9ee,District heating mix Germany,District heating mix Germany,generic dataset,District heating mix Germany,kWh,1.0,,2023,2026,DE,1.1,https://oekobaudat.de/OEKOBAU.DAT/resource/datastocks/cc64f7e1-14d8-4a57-b11b-2cf03d200c82/processes/bff1909a-5383-49bb-a450-aa9543e7a9ee
district_heat_natural_gas,b0c5883b-61a5-4855-a76a-73afd45e0da5,District heating from natural gas,District heating from natural gas,generic dataset,District heating from natural gas,kWh,1.0,,2023,2026,DE,1.1,https://oekobaudat.de/OEKOBAU.DAT/resource/datastocks/cc64f7e1-14d8-4a57-b11b-2cf03d200c82/processes/b0c5883b-61a5-4855-a76a-73afd45e0da5
district_heat_biomass,a715dbb0-6fb7-41cb-b2df-d2834414224a,District heating from biomass (solid),District heating from solid biomass,generic dataset,District heating from biomass (solid),kWh,1.0,,2023,2026,DE,1.1,https://oekobaudat.de/OEKOBAU.DAT/resource/datastocks/cc64f7e1-14d8-4a57-b11b-2cf03d200c82/processes/a715dbb0-6fb7-41cb-b2df-d2834414224a
district_heat_waste,62ecab6c-10e7-4888-a9ab-e5dbbacf0e93,District heating from waste,District heating from waste incineration,generic dataset,District heating from waste,kWh,1.0,,2023,2026,DE,1.1,https://oekobaudat.de/OEKOBAU.DAT/resource/datastocks/cc64f7e1-14d8-4a57-b11b-2cf03d200c82/processes/62ecab6c-10e7-4888-a9ab-e5dbbacf0e93
heat_wood_chips,99b94822-b67a-41e9-b97e-87506985f4d5,Use - 1 kWh of final energy from wood chips (according to GEG),"Final energy from wood chips (1 kWh, GEG)",generic dataset,Use - 1 kWh of final energy from wood chips (according to GEG),kWh,1.0,,2023,2026,DE,1.1,https://oekobaudat.de/OEKOBAU.DAT/resource/datastocks/cc64f7e1-14d8-4a57-b11b-2cf03d200c82/processes/99b94822-b67a-41e9-b97e-87506985f4d5
heat_wood_pellets,500e3171-60de-4694-ade3-bb0cd3013a17,Use - 1 kWh of final energy from wood pellets (according to GEG),"Final energy from wood pellets (1 kWh, GEG)",generic dataset,Use - 1 kWh of final energy from wood pellets (according to GEG),kWh,1.0,,2023,2026,DE,1.1,https://oekobaudat.de/OEKOBAU.DAT/resource/datastocks/cc64f7e1-14d8-4a57-b11b-2cf03d200c82/processes/500e3171-60de-4694-ade3-bb0cd3013a17
biogas,b1052ab1-97a9-45a1-810a-cdd0a3b1f07a,Biogas (1 kg),Biogas (1 kg),generic dataset,Biogas (1 kg),kg,1.0,1.0,2023,2026,DE,1.1,https://oekobaudat.de/OEKOBAU.DAT/resource/datastocks/cc64f7e1-14d8-4a57-b11b-2cf03d200c82/processes/b1052ab1-97a9-45a1-810a-cdd0a3b1f07a
light_fuel_oil,de4f1273-f63f-4c2e-998c-639cb0e6e2c3,Light fuel oil,Light fuel oil (fuel supply),generic dataset,Light fuel oil,kg,1.0,1.0,2023,2026,DE,1.1,https://oekobaudat.de/OEKOBAU.DAT/resource/datastocks/cc64f7e1-14d8-4a57-b11b-2cf03d200c82/processes/de4f1273-f63f-4c2e-998c-639cb0e6e2c3
wood_incineration_msw,53945e96-502a-4c3f-b487-f087b1fabcb7,Wood-based products incineration in municipal solid waste plant,Wood-based products incineration in MSW plant,generic dataset,Wood-based products incineration in municipal solid waste plant,kg,1.0,1.0,2023,2026,DE,1.1,https://oekobaudat.de/OEKOBAU.DAT/resource/datastocks/cc64f7e1-14d8-4a57-b11b-2cf03d200c82/processes/53945e96-502a-4c3f-b487-f087b1fabcb7
incineration_domestic_waste,e7aeda5d-ac64-45c7-994d-50684b73308f,Incineration domestic waste,Incineration of domestic waste,generic dataset,Incineration domestic waste,kg,1.0,1.0,2023,2026,DE,1.1,https://oekobaudat.de/OEKOBAU.DAT/resource/datastocks/cc64f7e1-14d8-4a57-b11b-2cf03d200c82/processes/e7aeda5d-ac64-45c7-994d-50684b73308f
